{
    "Tops":[
        {
            "name": "Men's Manoa Shirt",
            "price": 25,
            "image": "https://raw.githubusercontent.com/natemoylan/ITM352_F21_repo/main/Copy-Rivera-Concannon_Peter_Assignment3/public/images/UHVC.jpg",
            "qty_available": 100
        },

        {
            "name": "Women's Manoa Shirt",
            "price": 25,
            "image": "https://raw.githubusercontent.com/natemoylan/ITM352_F21_repo/main/Copy-Rivera-Concannon_Peter_Assignment3/public/images/UHVC.jpg",
            "qty_available": 100
        },

        {
            "name": "Kid's Manoa Shirt",
            "price": 10,
            "image": "https://raw.githubusercontent.com/natemoylan/ITM352_F21_repo/main/Copy-Rivera-Concannon_Peter_Assignment3/public/images/UHVC.jpg",
            "qty_available": 100
        }
    ],

    "Bottoms":[
        {
            "name": "Men's Sweatpants",
            "price": 30,
            "image": "https://raw.githubusercontent.com/natemoylan/ITM352_F21_repo/main/Copy-Rivera-Concannon_Peter_Assignment3/public/images/UHVC.jpg",
            "qty_available": 100
        },

        {
            "name": "Women's Sweatpants",
            "price": 30,
            "image": "https://raw.githubusercontent.com/natemoylan/ITM352_F21_repo/main/Copy-Rivera-Concannon_Peter_Assignment3/public/images/UHVC.jpg",
            "qty_available": 100
        },

        {
            "name": "Kid's Sweatpants",
            "price": 30,
            "image": "https://raw.githubusercontent.com/natemoylan/ITM352_F21_repo/main/Copy-Rivera-Concannon_Peter_Assignment3/public/images/UHVC.jpg",
            "qty_available": 100
        }
    ],
    
    "Accessories":[
        {
            "name": "Hat",
            "price": 25,
            "image": "https://raw.githubusercontent.com/natemoylan/ITM352_F21_repo/main/Copy-Rivera-Concannon_Peter_Assignment3/public/images/UHVC.jpg",
            "qty_available": 100
        },

        {
            "name": "Wristband",
            "price": 25,
            "image": "https://raw.githubusercontent.com/natemoylan/ITM352_F21_repo/main/Copy-Rivera-Concannon_Peter_Assignment3/public/images/UHVC.jpg",
            "qty_available": 100
        },

        {
            "name": "Lanyard",
            "price": 25,
            "image": "https://raw.githubusercontent.com/natemoylan/ITM352_F21_repo/main/Copy-Rivera-Concannon_Peter_Assignment3/public/images/UHVC.jpg",
            "qty_available": 100
        }
    ],
    
    
    
    "Tickets":[
    {
        "section_num": "100, 106, 200, 204",
        "price": 15.00,
        "image": "https://raw.githubusercontent.com/natemoylan/ITM352_F21_repo/main/3-Rivera-Concannon_Peter_&_Moylan_Nate_Assignment3/public/images/UHVC.jpg",
        "qty_available": 100,
        "total_sold": 0
    },
    {
        "section_num": "101, 102, 104, 105, 201, 203",
        "price": 20.00,
        "image": "https://raw.githubusercontent.com/natemoylan/ITM352_F21_repo/main/3-Rivera-Concannon_Peter_&_Moylan_Nate_Assignment3/public/images/UHVC.jpg",
        "qty_available": 100,
        "total_sold": 0
    },
    {
        "section_num": "103 & 202",
        "price": 30.00,
        "image": "https://raw.githubusercontent.com/natemoylan/ITM352_F21_repo/main/3-Rivera-Concannon_Peter_&_Moylan_Nate_Assignment3/public/images/UHVC.jpg",
        "qty_available": 100,
        "total_sold": 0
    },
    {
        "section_num": "140, 141, 148, 149",
        "price": 15.00,
        "image": "https://raw.githubusercontent.com/natemoylan/ITM352_F21_repo/main/3-Rivera-Concannon_Peter_&_Moylan_Nate_Assignment3/public/images/UHVC.jpg",
        "qty_available": 100,
        "total_sold": 0
    },
    {
        "section_num": "142, 143, 146, 147",
        "price": 20.00,
        "image": "https://raw.githubusercontent.com/natemoylan/ITM352_F21_repo/main/3-Rivera-Concannon_Peter_&_Moylan_Nate_Assignment3/public/images/UHVC.jpg",
        "qty_available": 100,
        "total_sold": 0
    },
    {
        "section_num": "144 & 145",
        "price": 30.00,
        "image": "https://raw.githubusercontent.com/natemoylan/ITM352_F21_repo/main/3-Rivera-Concannon_Peter_&_Moylan_Nate_Assignment3/public/images/UHVC.jpg",
        "qty_available": 100,
        "total_sold": 0
    },
    {
        "section_num": "160 & 161",
        "price": 15.00,
        "image": "https://raw.githubusercontent.com/natemoylan/ITM352_F21_repo/main/3-Rivera-Concannon_Peter_&_Moylan_Nate_Assignment3/public/images/UHVC.jpg",
        "qty_available": 100,
        "total_sold": 0
    },
    {
        "section_num": "162 & 163",
        "price": 20.00,
        "image": "https://raw.githubusercontent.com/natemoylan/ITM352_F21_repo/main/3-Rivera-Concannon_Peter_&_Moylan_Nate_Assignment3/public/images/UHVC.jpg",
        "qty_available": 100,
        "total_sold": 0
    },
    {
        "section_num": "164 & 165",
        "price": 15.00,
        "image": "https://raw.githubusercontent.com/natemoylan/ITM352_F21_repo/main/3-Rivera-Concannon_Peter_&_Moylan_Nate_Assignment3/public/images/UHVC.jpg",
        "qty_available": 100,
        "total_sold": 0
    },
    {
        "section_num": "120 & 121",
        "price": 15.00,
        "image": "https://raw.githubusercontent.com/natemoylan/ITM352_F21_repo/main/3-Rivera-Concannon_Peter_&_Moylan_Nate_Assignment3/public/images/UHVC.jpg",
        "qty_available": 100,
        "total_sold": 0
    },
    {
        "section_num": "122",
        "price": 20.00,
        "image": "https://raw.githubusercontent.com/natemoylan/ITM352_F21_repo/main/3-Rivera-Concannon_Peter_&_Moylan_Nate_Assignment3/public/images/UHVC.jpg",
        "qty_available": 100,
        "total_sold": 0
    },
    {
        "section_num": "123 & 124",
        "price": 15.00,
        "image": "https://raw.githubusercontent.com/natemoylan/ITM352_F21_repo/main/3-Rivera-Concannon_Peter_&_Moylan_Nate_Assignment3/public/images/UHVC.jpg",
        "qty_available": 100,
        "total_sold": 0
    }
]}